<application>
  <component name="ProjectJdkTable">
    <jdk version="2">
      <name value="1.8" />
      <type value="JavaSDK" />
      <version value="1.8" />
      <homePath value="/Library/Java/JavaVirtualMachines/amazon-corretto-8.jdk/Contents/Home" />
      <roots>
        <annotationsPath>
          <root type="composite">
            <root url="jar://$APPLICATION_HOME_DIR$/lib/jdkAnnotations.jar!/" type="simple" />
          </root>
        </annotationsPath>
        <classPath>
          <root type="composite">
            <root url="jar:///Library/Java/JavaVirtualMachines/amazon-corretto-8.jdk/Contents/Home/jre/lib/charsets.jar!/" type="simple" />
            <root url="jar:///Library/Java/JavaVirtualMachines/amazon-corretto-8.jdk/Contents/Home/jre/lib/ext/cldrdata.jar!/" type="simple" />
            <root url="jar:///Library/Java/JavaVirtualMachines/amazon-corretto-8.jdk/Contents/Home/jre/lib/ext/dnsns.jar!/" type="simple" />
            <root url="jar:///Library/Java/JavaVirtualMachines/amazon-corretto-8.jdk/Contents/Home/jre/lib/ext/jaccess.jar!/" type="simple" />
            <root url="jar:///Library/Java/JavaVirtualMachines/amazon-corretto-8.jdk/Contents/Home/jre/lib/ext/jfxrt.jar!/" type="simple" />
            <root url="jar:///Library/Java/JavaVirtualMachines/amazon-corretto-8.jdk/Contents/Home/jre/lib/ext/localedata.jar!/" type="simple" />
            <root url="jar:///Library/Java/JavaVirtualMachines/amazon-corretto-8.jdk/Contents/Home/jre/lib/ext/nashorn.jar!/" type="simple" />
            <root url="jar:///Library/Java/JavaVirtualMachines/amazon-corretto-8.jdk/Contents/Home/jre/lib/ext/sunec.jar!/" type="simple" />
            <root url="jar:///Library/Java/JavaVirtualMachines/amazon-corretto-8.jdk/Contents/Home/jre/lib/ext/sunjce_provider.jar!/" type="simple" />
            <root url="jar:///Library/Java/JavaVirtualMachines/amazon-corretto-8.jdk/Contents/Home/jre/lib/ext/sunpkcs11.jar!/" type="simple" />
            <root url="jar:///Library/Java/JavaVirtualMachines/amazon-corretto-8.jdk/Contents/Home/jre/lib/ext/zipfs.jar!/" type="simple" />
            <root url="jar:///Library/Java/JavaVirtualMachines/amazon-corretto-8.jdk/Contents/Home/jre/lib/jce.jar!/" type="simple" />
            <root url="jar:///Library/Java/JavaVirtualMachines/amazon-corretto-8.jdk/Contents/Home/jre/lib/jfxswt.jar!/" type="simple" />
            <root url="jar:///Library/Java/JavaVirtualMachines/amazon-corretto-8.jdk/Contents/Home/jre/lib/jsse.jar!/" type="simple" />
            <root url="jar:///Library/Java/JavaVirtualMachines/amazon-corretto-8.jdk/Contents/Home/jre/lib/management-agent.jar!/" type="simple" />
            <root url="jar:///Library/Java/JavaVirtualMachines/amazon-corretto-8.jdk/Contents/Home/jre/lib/resources.jar!/" type="simple" />
            <root url="jar:///Library/Java/JavaVirtualMachines/amazon-corretto-8.jdk/Contents/Home/jre/lib/rt.jar!/" type="simple" />
            <root url="jar:///Library/Java/JavaVirtualMachines/amazon-corretto-8.jdk/Contents/Home/lib/ant-javafx.jar!/" type="simple" />
            <root url="jar:///Library/Java/JavaVirtualMachines/amazon-corretto-8.jdk/Contents/Home/lib/dt.jar!/" type="simple" />
            <root url="jar:///Library/Java/JavaVirtualMachines/amazon-corretto-8.jdk/Contents/Home/lib/javafx-mx.jar!/" type="simple" />
            <root url="jar:///Library/Java/JavaVirtualMachines/amazon-corretto-8.jdk/Contents/Home/lib/jconsole.jar!/" type="simple" />
            <root url="jar:///Library/Java/JavaVirtualMachines/amazon-corretto-8.jdk/Contents/Home/lib/packager.jar!/" type="simple" />
            <root url="jar:///Library/Java/JavaVirtualMachines/amazon-corretto-8.jdk/Contents/Home/lib/sa-jdi.jar!/" type="simple" />
            <root url="jar:///Library/Java/JavaVirtualMachines/amazon-corretto-8.jdk/Contents/Home/lib/tools.jar!/" type="simple" />
          </root>
        </classPath>
        <javadocPath>
          <root type="composite" />
        </javadocPath>
        <sourcePath>
          <root type="composite">
            <root url="jar:///Library/Java/JavaVirtualMachines/amazon-corretto-8.jdk/Contents/Home/src.zip!/" type="simple" />
            <root url="jar:///Library/Java/JavaVirtualMachines/amazon-corretto-8.jdk/Contents/Home/javafx-src.zip!/" type="simple" />
          </root>
        </sourcePath>
      </roots>
      <additional />
    </jdk>
  </component>
</application>