<keymap version="1" name="Mac OS X 10.5+ copy 1" parent="Mac OS X 10.5+">
  <action id="ActivateFavoritesToolWindow" />
  <action id="ActivateTerminalToolWindow">
    <keyboard-shortcut first-keystroke="alt f12" />
    <keyboard-shortcut first-keystroke="ctrl back_quote" />
  </action>
  <action id="Back">
    <keyboard-shortcut first-keystroke="meta open_bracket" />
    <mouse-shortcut keystroke="button4" />
  </action>
  <action id="DuplicatesForm.SendToRight" />
  <action id="EditSource">
    <keyboard-shortcut first-keystroke="f4" />
  </action>
  <action id="EditorMoveToPageBottom">
    <keyboard-shortcut first-keystroke="meta page_down" />
    <keyboard-shortcut first-keystroke="meta down" />
  </action>
  <action id="EditorMoveToPageTop">
    <keyboard-shortcut first-keystroke="meta page_up" />
    <keyboard-shortcut first-keystroke="meta up" />
  </action>
  <action id="FileChooser.GotoProject" />
  <action id="Forward">
    <keyboard-shortcut first-keystroke="meta close_bracket" />
    <mouse-shortcut keystroke="button5" />
  </action>
  <action id="GotoRelated" />
  <action id="MoveStatementDown">
    <keyboard-shortcut first-keystroke="ctrl meta down" />
  </action>
  <action id="MoveStatementUp">
    <keyboard-shortcut first-keystroke="ctrl meta up" />
  </action>
  <action id="NextTab">
    <keyboard-shortcut first-keystroke="shift meta close_bracket" />
    <keyboard-shortcut first-keystroke="ctrl right" />
    <keyboard-shortcut first-keystroke="meta alt right" />
  </action>
  <action id="PreviousTab">
    <keyboard-shortcut first-keystroke="shift meta open_bracket" />
    <keyboard-shortcut first-keystroke="ctrl left" />
    <keyboard-shortcut first-keystroke="meta alt left" />
  </action>
  <action id="QuickChangeScheme" />
  <action id="SearchEverywhere.NavigateToNextGroup">
    <keyboard-shortcut first-keystroke="page_down" />
  </action>
  <action id="SearchEverywhere.NavigateToPrevGroup">
    <keyboard-shortcut first-keystroke="page_up" />
  </action>
  <action id="ShowNavBar">
    <keyboard-shortcut first-keystroke="alt home" />
  </action>
  <action id="SplitVertically">
    <keyboard-shortcut first-keystroke="shift meta back_slash" />
  </action>
  <action id="Vcs.EditSource">
    <keyboard-shortcut first-keystroke="f4" />
  </action>
  <action id="XDebugger.JumpToSource">
    <keyboard-shortcut first-keystroke="f4" />
  </action>
</keymap>